user_id;user_screen_name;influence;credibility;n_rumors_propagated;n_rumors_stifled
3131144855;BorisJohnson;0.548343;0.613858;8;31
103065157;David_Cameron;0.910636;0.955308;16;4
1225696320;George_Osborne;0.803967;0.893244;1;8
748453510048518000;michaelgove;0.893337;0.958818;36;9
19017675;Nigel_Farage;0.921122;0.579882;27;7
3695647695;vote_leave;0.914938;0.901975;1;16
